[
  {
    "pk": 1,
    "model": "auth.permission",
    "fields": {
      "codename": "add_permission",
      "name": "Can add permission",
      "content_type": 1
    }
  },
  {
    "pk": 2,
    "model": "auth.permission",
    "fields": {
      "codename": "change_permission",
      "name": "Can change permission",
      "content_type": 1
    }
  },
  {
    "pk": 3,
    "model": "auth.permission",
    "fields": {
      "codename": "delete_permission",
      "name": "Can delete permission",
      "content_type": 1
    }
  },
  {
    "pk": 4,
    "model": "auth.permission",
    "fields": {
      "codename": "add_group",
      "name": "Can add group",
      "content_type": 2
    }
  },
  {
    "pk": 5,
    "model": "auth.permission",
    "fields": {
      "codename": "change_group",
      "name": "Can change group",
      "content_type": 2
    }
  },
  {
    "pk": 6,
    "model": "auth.permission",
    "fields": {
      "codename": "delete_group",
      "name": "Can delete group",
      "content_type": 2
    }
  },
  {
    "pk": 7,
    "model": "auth.permission",
    "fields": {
      "codename": "add_user",
      "name": "Can add user",
      "content_type": 3
    }
  },
  {
    "pk": 9,
    "model": "auth.permission",
    "fields": {
      "codename": "delete_user",
      "name": "Can delete user",
      "content_type": 3
    }
  },
  {
    "pk": 10,
    "model": "auth.permission",
    "fields": {
      "codename": "add_contenttype",
      "name": "Can add content type",
      "content_type": 4
    }
  },
  {
    "pk": 11,
    "model": "auth.permission",
    "fields": {
      "codename": "change_contenttype",
      "name": "Can change content type",
      "content_type": 4
    }
  },
  {
    "pk": 12,
    "model": "auth.permission",
    "fields": {
      "codename": "delete_contenttype",
      "name": "Can delete content type",
      "content_type": 4
    }
  },
  {
    "pk": 13,
    "model": "auth.permission",
    "fields": {
      "codename": "add_session",
      "name": "Can add session",
      "content_type": 5
    }
  },
  {
    "pk": 14,
    "model": "auth.permission",
    "fields": {
      "codename": "change_session",
      "name": "Can change session",
      "content_type": 5
    }
  },
  {
    "pk": 15,
    "model": "auth.permission",
    "fields": {
      "codename": "delete_session",
      "name": "Can delete session",
      "content_type": 5
    }
  },
  {
    "pk": 16,
    "model": "auth.permission",
    "fields": {
      "codename": "add_site",
      "name": "Can add site",
      "content_type": 6
    }
  },
  {
    "pk": 17,
    "model": "auth.permission",
    "fields": {
      "codename": "change_site",
      "name": "Can change site",
      "content_type": 6
    }
  },
  {
    "pk": 18,
    "model": "auth.permission",
    "fields": {
      "codename": "delete_site",
      "name": "Can delete site",
      "content_type": 6
    }
  },
  {
    "pk": 19,
    "model": "auth.permission",
    "fields": {
      "codename": "add_logentry",
      "name": "Can add log entry",
      "content_type": 7
    }
  },
  {
    "pk": 20,
    "model": "auth.permission",
    "fields": {
      "codename": "change_logentry",
      "name": "Can change log entry",
      "content_type": 7
    }
  },
  {
    "pk": 21,
    "model": "auth.permission",
    "fields": {
      "codename": "delete_logentry",
      "name": "Can delete log entry",
      "content_type": 7
    }
  },
  {
    "pk": 22,
    "model": "auth.permission",
    "fields": {
      "codename": "add_userenasignup",
      "name": "Can add userena registration",
      "content_type": 8
    }
  },
  {
    "pk": 23,
    "model": "auth.permission",
    "fields": {
      "codename": "change_userenasignup",
      "name": "Can change userena registration",
      "content_type": 8
    }
  },
  {
    "pk": 24,
    "model": "auth.permission",
    "fields": {
      "codename": "delete_userenasignup",
      "name": "Can delete userena registration",
      "content_type": 8
    }
  },
  {
    "pk": 25,
    "model": "auth.permission",
    "fields": {
      "codename": "add_source",
      "name": "Can add source",
      "content_type": 9
    }
  },
  {
    "pk": 26,
    "model": "auth.permission",
    "fields": {
      "codename": "change_source",
      "name": "Can change source",
      "content_type": 9
    }
  },
  {
    "pk": 27,
    "model": "auth.permission",
    "fields": {
      "codename": "delete_source",
      "name": "Can delete source",
      "content_type": 9
    }
  },
  {
    "pk": 28,
    "model": "auth.permission",
    "fields": {
      "codename": "add_thumbnail",
      "name": "Can add thumbnail",
      "content_type": 10
    }
  },
  {
    "pk": 29,
    "model": "auth.permission",
    "fields": {
      "codename": "change_thumbnail",
      "name": "Can change thumbnail",
      "content_type": 10
    }
  },
  {
    "pk": 30,
    "model": "auth.permission",
    "fields": {
      "codename": "delete_thumbnail",
      "name": "Can delete thumbnail",
      "content_type": 10
    }
  },
  {
    "pk": 31,
    "model": "auth.permission",
    "fields": {
      "codename": "add_userprofile",
      "name": "Can add user profile",
      "content_type": 11
    }
  },
  {
    "pk": 32,
    "model": "auth.permission",
    "fields": {
      "codename": "change_userprofile",
      "name": "Can change user profile",
      "content_type": 11
    }
  },
  {
    "pk": 33,
    "model": "auth.permission",
    "fields": {
      "codename": "delete_userprofile",
      "name": "Can delete user profile",
      "content_type": 11
    }
  },
  {
    "pk": 34,
    "model": "auth.permission",
    "fields": {
      "codename": "view_profile",
      "name": "Can view profile",
      "content_type": 11
    }
  },
  {
    "pk": 35,
    "model": "auth.permission",
    "fields": {
      "codename": "add_conferences",
      "name": "Can add conferences",
      "content_type": 12
    }
  },
  {
    "pk": 36,
    "model": "auth.permission",
    "fields": {
      "codename": "change_conferences",
      "name": "Can change conferences",
      "content_type": 12
    }
  },
  {
    "pk": 37,
    "model": "auth.permission",
    "fields": {
      "codename": "delete_conferences",
      "name": "Can delete conferences",
      "content_type": 12
    }
  },
  {
    "pk": 38,
    "model": "auth.permission",
    "fields": {
      "codename": "add_userobjectpermission",
      "name": "Can add user object permission",
      "content_type": 13
    }
  },
  {
    "pk": 39,
    "model": "auth.permission",
    "fields": {
      "codename": "change_userobjectpermission",
      "name": "Can change user object permission",
      "content_type": 13
    }
  },
  {
    "pk": 40,
    "model": "auth.permission",
    "fields": {
      "codename": "delete_userobjectpermission",
      "name": "Can delete user object permission",
      "content_type": 13
    }
  },
  {
    "pk": 41,
    "model": "auth.permission",
    "fields": {
      "codename": "add_groupobjectpermission",
      "name": "Can add group object permission",
      "content_type": 14
    }
  },
  {
    "pk": 42,
    "model": "auth.permission",
    "fields": {
      "codename": "change_groupobjectpermission",
      "name": "Can change group object permission",
      "content_type": 14
    }
  },
  {
    "pk": 43,
    "model": "auth.permission",
    "fields": {
      "codename": "delete_groupobjectpermission",
      "name": "Can delete group object permission",
      "content_type": 14
    }
  },
  {
    "pk": 44,
    "model": "auth.permission",
    "fields": {
      "codename": "change_profile",
      "name": "Can change profile",
      "content_type": 11
    }
  },
  {
    "pk": 45,
    "model": "auth.permission",
    "fields": {
      "codename": "delete_profile",
      "name": "Can delete profile",
      "content_type": 11
    }
  },
  {
    "pk": -1,
    "model": "auth.user",
    "fields": {
      "username": "AnonymousUser",
      "first_name": "",
      "last_name": "",
      "is_active": true,
      "is_superuser": false,
      "is_staff": false,
      "last_login": "2013-11-03T02:12:40Z",
      "groups": [],
      "user_permissions": [],
      "password": "",
      "email": "",
      "date_joined": "2013-11-03T02:12:40Z"
    }
  },
  {
    "pk": 1,
    "model": "auth.user",
    "fields": {
      "username": "root",
      "first_name": "",
      "last_name": "",
      "is_active": true,
      "is_superuser": true,
      "is_staff": true,
      "last_login": "2013-11-03T03:17:59Z",
      "groups": [],
      "user_permissions": [],
      "password": "pbkdf2_sha256$10000$7vMzdr7BPOj6$B9j1oDyAOgEMhA7eI7fRj5xuIixFZp2p4c90br+N4ho=",
      "email": "hackasoton@gmail.com",
      "date_joined": "2013-11-03T02:12:40Z"
    }
  },
  {
    "pk": 2,
    "model": "auth.user",
    "fields": {
      "username": "matt",
      "first_name": "",
      "last_name": "",
      "is_active": true,
      "is_superuser": false,
      "is_staff": false,
      "last_login": "2013-11-03T02:13:14Z",
      "groups": [],
      "user_permissions": [],
      "password": "pbkdf2_sha256$10000$Dt0HWC9JeWLn$pRBKZL5zgx2ikH8yPMKnTE74Qi6hNRYKjURK/taNf4Q=",
      "email": "matt@gmail.com",
      "date_joined": "2013-11-03T02:13:14Z"
    }
  },
  {
    "pk": 3,
    "model": "auth.user",
    "fields": {
      "username": "copp",
      "first_name": "",
      "last_name": "",
      "is_active": true,
      "is_superuser": false,
      "is_staff": false,
      "last_login": "2013-11-03T02:26:41Z",
      "groups": [],
      "user_permissions": [],
      "password": "pbkdf2_sha256$10000$ESzd7H1SsR1m$1MEs7naDF9qyFumt1aXl8ZeD6DiYH61yh+emgms2yXc=",
      "email": "copp@gmail.com",
      "date_joined": "2013-11-03T02:25:56Z"
    }
  },
  {
    "pk": 4,
    "model": "auth.user",
    "fields": {
      "username": "andrew",
      "first_name": "",
      "last_name": "",
      "is_active": true,
      "is_superuser": false,
      "is_staff": false,
      "last_login": "2013-11-03T02:26:27Z",
      "groups": [],
      "user_permissions": [],
      "password": "pbkdf2_sha256$10000$SkOqU9XWatSK$/Gt0w7ByPWWz4Or36D0QWi6rT9fCo1PoI9oHDlsXRK8=",
      "email": "and@gmail.com",
      "date_joined": "2013-11-03T02:26:27Z"
    }
  },
  {
    "pk": 5,
    "model": "auth.user",
    "fields": {
      "username": "Fahim",
      "first_name": "",
      "last_name": "",
      "is_active": true,
      "is_superuser": false,
      "is_staff": false,
      "last_login": "2013-11-03T02:39:29Z",
      "groups": [],
      "user_permissions": [],
      "password": "pbkdf2_sha256$10000$pVfCQ27qt22w$dfKF6zvWdegYfTgA9epxxOunyuLlGgdtlJfFRQIGXKw=",
      "email": "f@gmail.com",
      "date_joined": "2013-11-03T02:39:20Z"
    }
  },
  {
    "pk": 6,
    "model": "auth.user",
    "fields": {
      "username": "ross",
      "first_name": "",
      "last_name": "",
      "is_active": true,
      "is_superuser": false,
      "is_staff": false,
      "last_login": "2013-11-03T02:41:09Z",
      "groups": [],
      "user_permissions": [],
      "password": "pbkdf2_sha256$10000$P5EK4ygiltUT$/uPbAmHsJCOZcL/GYZ6EbUNVNr3gnN2LqWyRheML1xE=",
      "email": "fd@g.vom",
      "date_joined": "2013-11-03T02:40:54Z"
    }
  },
  {
    "pk": 7,
    "model": "auth.user",
    "fields": {
      "username": "kosta",
      "first_name": "",
      "last_name": "",
      "is_active": true,
      "is_superuser": false,
      "is_staff": false,
      "last_login": "2013-11-03T02:42:33Z",
      "groups": [],
      "user_permissions": [],
      "password": "pbkdf2_sha256$10000$Ydp7PMGx8dqW$dNWKpVb56tRjSbQV8Pf934VA11By0tyK5q3JKLcC3bY=",
      "email": "k@g.com",
      "date_joined": "2013-11-03T02:42:16Z"
    }
  },
  {
    "pk": 9,
    "model": "auth.user",
    "fields": {
      "username": "stuartcalimport",
      "first_name": "",
      "last_name": "",
      "is_active": true,
      "is_superuser": false,
      "is_staff": false,
      "last_login": "2013-11-03T02:45:31Z",
      "groups": [],
      "user_permissions": [],
      "password": "pbkdf2_sha256$10000$3oHpn4jtXN5u$sgbbhDr7+Go4QtSJNLhd/elJSs2Xn5UlXUQQFZ3qkqI=",
      "email": "stuart.calimport@gmail.com",
      "date_joined": "2013-11-03T02:45:31Z"
    }
  },
  {
    "pk": 10,
    "model": "auth.user",
    "fields": {
      "username": "cavemanklauS",
      "first_name": "",
      "last_name": "",
      "is_active": true,
      "is_superuser": false,
      "is_staff": false,
      "last_login": "2013-11-03T02:47:59Z",
      "groups": [],
      "user_permissions": [],
      "password": "pbkdf2_sha256$10000$VRPHDXarraVv$9T9aFR8ogFTl4wLAvf5sVG/vuz4I6Cpw/OFrZlecMro=",
      "email": "cavemanklaus@gmail.com",
      "date_joined": "2013-11-03T02:47:59Z"
    }
  },
  {
    "pk": 11,
    "model": "auth.user",
    "fields": {
      "username": "gjohnston0",
      "first_name": "",
      "last_name": "",
      "is_active": true,
      "is_superuser": false,
      "is_staff": false,
      "last_login": "2013-11-03T02:48:55Z",
      "groups": [],
      "user_permissions": [],
      "password": "pbkdf2_sha256$10000$TBcNpWtVqAc9$gPTByBwTTIEKnGkxKQIYNHH6Pv6cHod8SWYv5uNVIqQ=",
      "email": "gjohnston0@gmail.com",
      "date_joined": "2013-11-03T02:48:55Z"
    }
  },
  {
    "pk": 12,
    "model": "auth.user",
    "fields": {
      "username": "123",
      "first_name": "",
      "last_name": "",
      "is_active": true,
      "is_superuser": false,
      "is_staff": false,
      "last_login": "2013-11-03T02:50:10Z",
      "groups": [],
      "user_permissions": [],
      "password": "pbkdf2_sha256$10000$6Hzntov1xBzk$7wtcKoB0Sux2ZszUIBgAKgYIjzJbjdstH+QoFRj+lLE=",
      "email": "ioanaonofrei@yahoo.com",
      "date_joined": "2013-11-03T02:50:10Z"
    }
  },
  {
    "pk": 13,
    "model": "auth.user",
    "fields": {
      "username": "steve",
      "first_name": "",
      "last_name": "",
      "is_active": true,
      "is_superuser": false,
      "is_staff": false,
      "last_login": "2013-11-03T02:50:50Z",
      "groups": [],
      "user_permissions": [],
      "password": "pbkdf2_sha256$10000$j8LXksxeJtsk$sJlCMbaRxgBp9mEsGFi4PCI9ntpo+Xw4n5jL6olFH0s=",
      "email": "s@gmail.com",
      "date_joined": "2013-11-03T02:50:50Z"
    }
  },
  {
    "pk": 14,
    "model": "auth.user",
    "fields": {
      "username": "asdffff",
      "first_name": "",
      "last_name": "",
      "is_active": true,
      "is_superuser": false,
      "is_staff": false,
      "last_login": "2013-11-03T02:51:53Z",
      "groups": [],
      "user_permissions": [],
      "password": "pbkdf2_sha256$10000$3gjdVCKvoEiy$u8Vu12H5lVjzVy/h5ODUbRlojleiYMGGIFw/+AZ3o9s=",
      "email": "a@s.com",
      "date_joined": "2013-11-03T02:51:53Z"
    }
  },
  {
    "pk": 15,
    "model": "auth.user",
    "fields": {
      "username": "aaa",
      "first_name": "",
      "last_name": "",
      "is_active": true,
      "is_superuser": false,
      "is_staff": false,
      "last_login": "2013-11-03T02:52:26Z",
      "groups": [],
      "user_permissions": [],
      "password": "pbkdf2_sha256$10000$WtvjOq2hSeRq$GE131e1+JXYUpE0raB3achXpgLGQdiUxXvL9FbpbcDw=",
      "email": "a@d.com",
      "date_joined": "2013-11-03T02:52:26Z"
    }
  },
  {
    "pk": 16,
    "model": "auth.user",
    "fields": {
      "username": "what",
      "first_name": "",
      "last_name": "",
      "is_active": true,
      "is_superuser": false,
      "is_staff": false,
      "last_login": "2013-11-03T02:52:55Z",
      "groups": [],
      "user_permissions": [],
      "password": "pbkdf2_sha256$10000$2RutbyPIK5qU$DH173SzzntGKKPZrNY4RG/gaMFFB0LpRcykyKooEImg=",
      "email": "w@d.com",
      "date_joined": "2013-11-03T02:52:55Z"
    }
  },
  {
    "pk": 17,
    "model": "auth.user",
    "fields": {
      "username": "eret",
      "first_name": "",
      "last_name": "",
      "is_active": true,
      "is_superuser": false,
      "is_staff": false,
      "last_login": "2013-11-03T02:53:43Z",
      "groups": [],
      "user_permissions": [],
      "password": "pbkdf2_sha256$10000$dclx3PfNQ2mR$hgrph4pKkSkvx6xlIgO3ENg+i2J88bXxyULTNrK2p4Q=",
      "email": "sdw@gmail.com",
      "date_joined": "2013-11-03T02:53:43Z"
    }
  },
  {
    "pk": 18,
    "model": "auth.user",
    "fields": {
      "username": "sabin",
      "first_name": "",
      "last_name": "",
      "is_active": true,
      "is_superuser": false,
      "is_staff": false,
      "last_login": "2013-11-03T02:54:23Z",
      "groups": [],
      "user_permissions": [],
      "password": "pbkdf2_sha256$10000$2soBdocBClqq$F2beiSXS2laMF7SlCYO3jdd1jOCObujMbiPHak0nNp0=",
      "email": "sab@gma.com",
      "date_joined": "2013-11-03T02:54:23Z"
    }
  },
  {
    "pk": 19,
    "model": "auth.user",
    "fields": {
      "username": "mani",
      "first_name": "",
      "last_name": "",
      "is_active": true,
      "is_superuser": false,
      "is_staff": false,
      "last_login": "2013-11-03T02:55:35Z",
      "groups": [],
      "user_permissions": [],
      "password": "pbkdf2_sha256$10000$pHCavXyropZL$BrbMQw7FqA1UV0ekvBN75/7pVvIT6kyuYJP9CKcSfMQ=",
      "email": "me@mansimransingh.com",
      "date_joined": "2013-11-03T02:55:20Z"
    }
  },
  {
    "pk": 20,
    "model": "auth.user",
    "fields": {
      "username": "asdfgh",
      "first_name": "",
      "last_name": "",
      "is_active": true,
      "is_superuser": false,
      "is_staff": false,
      "last_login": "2013-11-03T02:57:50Z",
      "groups": [],
      "user_permissions": [],
      "password": "pbkdf2_sha256$10000$VXmuae1T2rda$t4XeGv77mhgQvn6piub1w4C1s6ThLgvz8AgH2gTiULg=",
      "email": "www@gmail.com",
      "date_joined": "2013-11-03T02:57:50Z"
    }
  },
  {
    "pk": 21,
    "model": "auth.user",
    "fields": {
      "username": "jjf",
      "first_name": "",
      "last_name": "",
      "is_active": true,
      "is_superuser": false,
      "is_staff": false,
      "last_login": "2013-11-03T02:59:21Z",
      "groups": [],
      "user_permissions": [],
      "password": "pbkdf2_sha256$10000$hUHAuNLQGxsD$laNik84dxnXM9/Y+ivKTDsRhhvydnMYhu84xhJ9yt+4=",
      "email": "fff@h.com",
      "date_joined": "2013-11-03T02:59:21Z"
    }
  },
  {
    "pk": 22,
    "model": "auth.user",
    "fields": {
      "username": "geo877",
      "first_name": "",
      "last_name": "",
      "is_active": true,
      "is_superuser": false,
      "is_staff": false,
      "last_login": "2013-11-03T03:01:30Z",
      "groups": [],
      "user_permissions": [],
      "password": "pbkdf2_sha256$10000$8B9RmHzdWiPf$KSEme0LYYqMJFWjIPUoQ/VjOTKZLTYnMfHJVZo0QYLs=",
      "email": "a@m.com",
      "date_joined": "2013-11-03T03:01:30Z"
    }
  },
  {
    "pk": 23,
    "model": "auth.user",
    "fields": {
      "username": "2345",
      "first_name": "",
      "last_name": "",
      "is_active": true,
      "is_superuser": false,
      "is_staff": false,
      "last_login": "2013-11-03T03:02:51Z",
      "groups": [],
      "user_permissions": [],
      "password": "pbkdf2_sha256$10000$w6NbKs6R4gDE$6MwGyyuByG9IkELBbYrtPcE+GO1TfnRaV/SY+JIM3VI=",
      "email": "asdfde@hkjh.com",
      "date_joined": "2013-11-03T03:02:51Z"
    }
  },
  {
    "pk": 24,
    "model": "auth.user",
    "fields": {
      "username": "jamesjenkinsyates",
      "first_name": "",
      "last_name": "",
      "is_active": true,
      "is_superuser": false,
      "is_staff": false,
      "last_login": "2013-11-03T03:03:58Z",
      "groups": [],
      "user_permissions": [],
      "password": "pbkdf2_sha256$10000$ptbrNo5KAMGK$kCJr8nKBQCjqBkui3I4I2m+m9JqMXQoqemt3Vl6/gF8=",
      "email": "james@jamesjenkinsyates.com",
      "date_joined": "2013-11-03T03:03:58Z"
    }
  },
  {
    "pk": 25,
    "model": "auth.user",
    "fields": {
      "username": "wasim",
      "first_name": "",
      "last_name": "",
      "is_active": true,
      "is_superuser": false,
      "is_staff": false,
      "last_login": "2013-11-03T03:04:56Z",
      "groups": [],
      "user_permissions": [],
      "password": "pbkdf2_sha256$10000$W8LChNwi91N3$4zPbGkMuFkgJvzcuHSw4Tl72Xr/ZzPS6RJbZvjFNv8k=",
      "email": "tyfy@hfg.gy",
      "date_joined": "2013-11-03T03:04:56Z"
    }
  },
  {
    "pk": 26,
    "model": "auth.user",
    "fields": {
      "username": "Taksh",
      "first_name": "",
      "last_name": "",
      "is_active": true,
      "is_superuser": false,
      "is_staff": false,
      "last_login": "2013-11-03T03:05:46Z",
      "groups": [],
      "user_permissions": [],
      "password": "pbkdf2_sha256$10000$Vnx2pQoFnb4i$7zO3W8sHaNJddh24lC9TPiFp50PAHA56OZZ8idyUVDQ=",
      "email": "rwres@ght.co",
      "date_joined": "2013-11-03T03:05:46Z"
    }
  },
  {
    "pk": 27,
    "model": "auth.user",
    "fields": {
      "username": "bih",
      "first_name": "",
      "last_name": "",
      "is_active": true,
      "is_superuser": false,
      "is_staff": false,
      "last_login": "2013-11-03T03:07:16Z",
      "groups": [],
      "user_permissions": [],
      "password": "pbkdf2_sha256$10000$yVba74ZRG7tY$Q175Q5ElGLmOnb2P7WoGLsBngVwbbWpcAOkYRam/rqg=",
      "email": "b@bilaw.al",
      "date_joined": "2013-11-03T03:07:16Z"
    }
  },
  {
    "pk": 28,
    "model": "auth.user",
    "fields": {
      "username": "rtyr",
      "first_name": "",
      "last_name": "",
      "is_active": true,
      "is_superuser": false,
      "is_staff": false,
      "last_login": "2013-11-03T03:09:14Z",
      "groups": [],
      "user_permissions": [],
      "password": "pbkdf2_sha256$10000$ZuqDB5HLyZa5$FMZYIVLAiO5ir1q5iFiB29kYWF8uJh5O+DaFDaMiSBs=",
      "email": "rty@gmail.com",
      "date_joined": "2013-11-03T03:09:14Z"
    }
  },
  {
    "pk": 29,
    "model": "auth.user",
    "fields": {
      "username": "cvb",
      "first_name": "",
      "last_name": "",
      "is_active": true,
      "is_superuser": false,
      "is_staff": false,
      "last_login": "2013-11-03T03:09:48Z",
      "groups": [],
      "user_permissions": [],
      "password": "pbkdf2_sha256$10000$huVFhi1oFCnZ$uZc82g5LOoUybqg3Af/opmcekjsYTz+tasSPDg27x6A=",
      "email": "zxcv@gmail.com",
      "date_joined": "2013-11-03T03:09:48Z"
    }
  },
  {
    "pk": 1,
    "model": "admin.logentry",
    "fields": {
      "action_flag": 2,
      "action_time": "2013-11-03T02:14:29Z",
      "object_repr": "Profile of root",
      "object_id": "2",
      "change_message": "Changed alarm and phone.",
      "user": 1,
      "content_type": 11
    }
  },
  {
    "pk": 2,
    "model": "admin.logentry",
    "fields": {
      "action_flag": 2,
      "action_time": "2013-11-03T02:14:39Z",
      "object_repr": "Profile of matt",
      "object_id": "1",
      "change_message": "Changed alarm and phone.",
      "user": 1,
      "content_type": 11
    }
  },
  {
    "pk": 3,
    "model": "admin.logentry",
    "fields": {
      "action_flag": 3,
      "action_time": "2013-11-03T02:25:07Z",
      "object_repr": "Conferences object",
      "object_id": "2",
      "change_message": "",
      "user": 1,
      "content_type": 12
    }
  },
  {
    "pk": 4,
    "model": "admin.logentry",
    "fields": {
      "action_flag": 3,
      "action_time": "2013-11-03T02:25:07Z",
      "object_repr": "Conferences object",
      "object_id": "1",
      "change_message": "",
      "user": 1,
      "content_type": 12
    }
  },
  {
    "pk": 5,
    "model": "admin.logentry",
    "fields": {
      "action_flag": 2,
      "action_time": "2013-11-03T02:27:23Z",
      "object_repr": "Profile of andrew",
      "object_id": "4",
      "change_message": "Changed alarm.",
      "user": 1,
      "content_type": 11
    }
  },
  {
    "pk": 6,
    "model": "admin.logentry",
    "fields": {
      "action_flag": 3,
      "action_time": "2013-11-03T02:29:03Z",
      "object_repr": "Conferences object",
      "object_id": "4",
      "change_message": "",
      "user": 1,
      "content_type": 12
    }
  },
  {
    "pk": 7,
    "model": "admin.logentry",
    "fields": {
      "action_flag": 3,
      "action_time": "2013-11-03T02:29:03Z",
      "object_repr": "Conferences object",
      "object_id": "3",
      "change_message": "",
      "user": 1,
      "content_type": 12
    }
  },
  {
    "pk": 9,
    "model": "admin.logentry",
    "fields": {
      "action_flag": 2,
      "action_time": "2013-11-03T02:37:22Z",
      "object_repr": "Profile of matt",
      "object_id": "1",
      "change_message": "Changed alarm.",
      "user": 1,
      "content_type": 11
    }
  },
  {
    "pk": 10,
    "model": "admin.logentry",
    "fields": {
      "action_flag": 2,
      "action_time": "2013-11-03T03:13:17Z",
      "object_repr": "Profile of cvb",
      "object_id": "29",
      "change_message": "Changed alarm.",
      "user": 1,
      "content_type": 11
    }
  },
  {
    "pk": 11,
    "model": "admin.logentry",
    "fields": {
      "action_flag": 2,
      "action_time": "2013-11-03T03:13:27Z",
      "object_repr": "Profile of rtyr",
      "object_id": "28",
      "change_message": "Changed alarm.",
      "user": 1,
      "content_type": 11
    }
  },
  {
    "pk": 12,
    "model": "admin.logentry",
    "fields": {
      "action_flag": 2,
      "action_time": "2013-11-03T03:13:31Z",
      "object_repr": "Profile of bih",
      "object_id": "27",
      "change_message": "Changed alarm.",
      "user": 1,
      "content_type": 11
    }
  },
  {
    "pk": 13,
    "model": "admin.logentry",
    "fields": {
      "action_flag": 2,
      "action_time": "2013-11-03T03:13:35Z",
      "object_repr": "Profile of Taksh",
      "object_id": "26",
      "change_message": "Changed alarm.",
      "user": 1,
      "content_type": 11
    }
  },
  {
    "pk": 14,
    "model": "admin.logentry",
    "fields": {
      "action_flag": 2,
      "action_time": "2013-11-03T03:13:39Z",
      "object_repr": "Profile of wasim",
      "object_id": "25",
      "change_message": "Changed alarm.",
      "user": 1,
      "content_type": 11
    }
  },
  {
    "pk": 15,
    "model": "admin.logentry",
    "fields": {
      "action_flag": 2,
      "action_time": "2013-11-03T03:13:42Z",
      "object_repr": "Profile of jamesjenkinsyates",
      "object_id": "24",
      "change_message": "Changed alarm.",
      "user": 1,
      "content_type": 11
    }
  },
  {
    "pk": 16,
    "model": "admin.logentry",
    "fields": {
      "action_flag": 2,
      "action_time": "2013-11-03T03:13:45Z",
      "object_repr": "Profile of 2345",
      "object_id": "23",
      "change_message": "Changed alarm.",
      "user": 1,
      "content_type": 11
    }
  },
  {
    "pk": 17,
    "model": "admin.logentry",
    "fields": {
      "action_flag": 2,
      "action_time": "2013-11-03T03:13:50Z",
      "object_repr": "Profile of geo877",
      "object_id": "22",
      "change_message": "Changed alarm.",
      "user": 1,
      "content_type": 11
    }
  },
  {
    "pk": 18,
    "model": "admin.logentry",
    "fields": {
      "action_flag": 2,
      "action_time": "2013-11-03T03:14:02Z",
      "object_repr": "Profile of jjf",
      "object_id": "21",
      "change_message": "Changed alarm.",
      "user": 1,
      "content_type": 11
    }
  },
  {
    "pk": 19,
    "model": "admin.logentry",
    "fields": {
      "action_flag": 2,
      "action_time": "2013-11-03T03:14:07Z",
      "object_repr": "Profile of asdfgh",
      "object_id": "20",
      "change_message": "Changed alarm.",
      "user": 1,
      "content_type": 11
    }
  },
  {
    "pk": 20,
    "model": "admin.logentry",
    "fields": {
      "action_flag": 2,
      "action_time": "2013-11-03T03:14:17Z",
      "object_repr": "Profile of sabin",
      "object_id": "18",
      "change_message": "Changed alarm.",
      "user": 1,
      "content_type": 11
    }
  },
  {
    "pk": 21,
    "model": "admin.logentry",
    "fields": {
      "action_flag": 2,
      "action_time": "2013-11-03T03:14:28Z",
      "object_repr": "Profile of eret",
      "object_id": "17",
      "change_message": "Changed alarm.",
      "user": 1,
      "content_type": 11
    }
  },
  {
    "pk": 22,
    "model": "admin.logentry",
    "fields": {
      "action_flag": 2,
      "action_time": "2013-11-03T03:14:31Z",
      "object_repr": "Profile of what",
      "object_id": "16",
      "change_message": "Changed alarm.",
      "user": 1,
      "content_type": 11
    }
  },
  {
    "pk": 23,
    "model": "admin.logentry",
    "fields": {
      "action_flag": 2,
      "action_time": "2013-11-03T03:14:37Z",
      "object_repr": "Profile of aaa",
      "object_id": "15",
      "change_message": "Changed alarm.",
      "user": 1,
      "content_type": 11
    }
  },
  {
    "pk": 24,
    "model": "admin.logentry",
    "fields": {
      "action_flag": 2,
      "action_time": "2013-11-03T03:14:40Z",
      "object_repr": "Profile of asdffff",
      "object_id": "14",
      "change_message": "Changed alarm.",
      "user": 1,
      "content_type": 11
    }
  },
  {
    "pk": 25,
    "model": "admin.logentry",
    "fields": {
      "action_flag": 2,
      "action_time": "2013-11-03T03:14:57Z",
      "object_repr": "Profile of steve",
      "object_id": "13",
      "change_message": "Changed alarm.",
      "user": 1,
      "content_type": 11
    }
  },
  {
    "pk": 26,
    "model": "admin.logentry",
    "fields": {
      "action_flag": 2,
      "action_time": "2013-11-03T03:15:01Z",
      "object_repr": "Profile of 123",
      "object_id": "12",
      "change_message": "Changed alarm.",
      "user": 1,
      "content_type": 11
    }
  },
  {
    "pk": 27,
    "model": "admin.logentry",
    "fields": {
      "action_flag": 2,
      "action_time": "2013-11-03T03:15:05Z",
      "object_repr": "Profile of gjohnston0",
      "object_id": "11",
      "change_message": "Changed alarm.",
      "user": 1,
      "content_type": 11
    }
  },
  {
    "pk": 28,
    "model": "admin.logentry",
    "fields": {
      "action_flag": 2,
      "action_time": "2013-11-03T03:15:08Z",
      "object_repr": "Profile of cavemanklauS",
      "object_id": "10",
      "change_message": "Changed alarm.",
      "user": 1,
      "content_type": 11
    }
  },
  {
    "pk": 29,
    "model": "admin.logentry",
    "fields": {
      "action_flag": 2,
      "action_time": "2013-11-03T03:15:30Z",
      "object_repr": "Profile of stuartcalimport",
      "object_id": "9",
      "change_message": "Changed alarm.",
      "user": 1,
      "content_type": 11
    }
  },
  {
    "pk": 30,
    "model": "admin.logentry",
    "fields": {
      "action_flag": 3,
      "action_time": "2013-11-03T03:15:59Z",
      "object_repr": "Conferences object",
      "object_id": "6",
      "change_message": "",
      "user": 1,
      "content_type": 12
    }
  },
  {
    "pk": 31,
    "model": "admin.logentry",
    "fields": {
      "action_flag": 3,
      "action_time": "2013-11-03T03:15:59Z",
      "object_repr": "Conferences object",
      "object_id": "5",
      "change_message": "",
      "user": 1,
      "content_type": 12
    }
  },
  {
    "pk": 32,
    "model": "admin.logentry",
    "fields": {
      "action_flag": 2,
      "action_time": "2013-11-03T03:18:18Z",
      "object_repr": "Profile of root",
      "object_id": "2",
      "change_message": "Changed alarm.",
      "user": 1,
      "content_type": 11
    }
  },
  {
    "pk": 1,
    "model": "userena.userenasignup",
    "fields": {
      "email_unconfirmed": "",
      "activation_key": "775da5a316cb9a3222908f870d4022da60b8f8fb",
      "last_active": null,
      "email_confirmation_key_created": null,
      "activation_notification_send": false,
      "email_confirmation_key": "",
      "user": 2
    }
  },
  {
    "pk": 2,
    "model": "userena.userenasignup",
    "fields": {
      "email_unconfirmed": "",
      "activation_key": "1e6edf8b86cf32d9be45a5e653dc47fb71aa2f99",
      "last_active": null,
      "email_confirmation_key_created": null,
      "activation_notification_send": false,
      "email_confirmation_key": "",
      "user": 3
    }
  },
  {
    "pk": 3,
    "model": "userena.userenasignup",
    "fields": {
      "email_unconfirmed": "",
      "activation_key": "603c058bb5bb99f09f1e7f76d76ab4efc356f315",
      "last_active": null,
      "email_confirmation_key_created": null,
      "activation_notification_send": false,
      "email_confirmation_key": "",
      "user": 4
    }
  },
  {
    "pk": 4,
    "model": "userena.userenasignup",
    "fields": {
      "email_unconfirmed": "",
      "activation_key": "8d4f4bbc52158508a31fccf5002e58fda069191f",
      "last_active": null,
      "email_confirmation_key_created": null,
      "activation_notification_send": false,
      "email_confirmation_key": "",
      "user": 5
    }
  },
  {
    "pk": 5,
    "model": "userena.userenasignup",
    "fields": {
      "email_unconfirmed": "",
      "activation_key": "100c46e3bcf2fe102f823d0f80539a64949fb7f0",
      "last_active": null,
      "email_confirmation_key_created": null,
      "activation_notification_send": false,
      "email_confirmation_key": "",
      "user": 6
    }
  },
  {
    "pk": 6,
    "model": "userena.userenasignup",
    "fields": {
      "email_unconfirmed": "",
      "activation_key": "b789a2dc5cd0f12b3ee7790359996d9515c96bd3",
      "last_active": null,
      "email_confirmation_key_created": null,
      "activation_notification_send": false,
      "email_confirmation_key": "",
      "user": 7
    }
  },
  {
    "pk": 7,
    "model": "userena.userenasignup",
    "fields": {
      "email_unconfirmed": "",
      "activation_key": "ec828440e10f84f40881fdc9e22f37a30780aab6",
      "last_active": null,
      "email_confirmation_key_created": null,
      "activation_notification_send": false,
      "email_confirmation_key": "",
      "user": 8
    }
  },
  {
    "pk": 9,
    "model": "userena.userenasignup",
    "fields": {
      "email_unconfirmed": "",
      "activation_key": "3d47481b5af54d8f7cc78311957dc6d3dc7e6fc1",
      "last_active": null,
      "email_confirmation_key_created": null,
      "activation_notification_send": false,
      "email_confirmation_key": "",
      "user": 10
    }
  },
  {
    "pk": 10,
    "model": "userena.userenasignup",
    "fields": {
      "email_unconfirmed": "",
      "activation_key": "ec820452c2aac3191ada3bc921bf375735d79a3d",
      "last_active": null,
      "email_confirmation_key_created": null,
      "activation_notification_send": false,
      "email_confirmation_key": "",
      "user": 11
    }
  },
  {
    "pk": 11,
    "model": "userena.userenasignup",
    "fields": {
      "email_unconfirmed": "",
      "activation_key": "bd469f29ea4a4f0c63639ef69c8be5449b35bb66",
      "last_active": null,
      "email_confirmation_key_created": null,
      "activation_notification_send": false,
      "email_confirmation_key": "",
      "user": 12
    }
  },
  {
    "pk": 12,
    "model": "userena.userenasignup",
    "fields": {
      "email_unconfirmed": "",
      "activation_key": "c7858c709ba7e924251b87a58f4f5d21be4486a0",
      "last_active": null,
      "email_confirmation_key_created": null,
      "activation_notification_send": false,
      "email_confirmation_key": "",
      "user": 13
    }
  },
  {
    "pk": 13,
    "model": "userena.userenasignup",
    "fields": {
      "email_unconfirmed": "",
      "activation_key": "e5f5fef0fb60db7e5d40ce12cb5bffe5272bfa79",
      "last_active": null,
      "email_confirmation_key_created": null,
      "activation_notification_send": false,
      "email_confirmation_key": "",
      "user": 14
    }
  },
  {
    "pk": 14,
    "model": "userena.userenasignup",
    "fields": {
      "email_unconfirmed": "",
      "activation_key": "9353e6c98e6de9fb7a5887fc3f4aae466a5a56b6",
      "last_active": null,
      "email_confirmation_key_created": null,
      "activation_notification_send": false,
      "email_confirmation_key": "",
      "user": 15
    }
  },
  {
    "pk": 15,
    "model": "userena.userenasignup",
    "fields": {
      "email_unconfirmed": "",
      "activation_key": "317b809f9821860f2f157dc1e57f2ad779f9d7d0",
      "last_active": null,
      "email_confirmation_key_created": null,
      "activation_notification_send": false,
      "email_confirmation_key": "",
      "user": 16
    }
  },
  {
    "pk": 16,
    "model": "userena.userenasignup",
    "fields": {
      "email_unconfirmed": "",
      "activation_key": "ef81251d2b7bbfb8692e78adc3cea551079c101a",
      "last_active": null,
      "email_confirmation_key_created": null,
      "activation_notification_send": false,
      "email_confirmation_key": "",
      "user": 17
    }
  },
  {
    "pk": 17,
    "model": "userena.userenasignup",
    "fields": {
      "email_unconfirmed": "",
      "activation_key": "5f96d5ee3003dd4ef32aefb81b1d3813bb30ad0b",
      "last_active": null,
      "email_confirmation_key_created": null,
      "activation_notification_send": false,
      "email_confirmation_key": "",
      "user": 18
    }
  },
  {
    "pk": 18,
    "model": "userena.userenasignup",
    "fields": {
      "email_unconfirmed": "",
      "activation_key": "a6de099f380facd0f037b6818e7c2535dd4cd6c9",
      "last_active": null,
      "email_confirmation_key_created": null,
      "activation_notification_send": false,
      "email_confirmation_key": "",
      "user": 19
    }
  },
  {
    "pk": 19,
    "model": "userena.userenasignup",
    "fields": {
      "email_unconfirmed": "",
      "activation_key": "46ec29b1dab7a4d2e2304d48f8c7937d6cd8ede1",
      "last_active": null,
      "email_confirmation_key_created": null,
      "activation_notification_send": false,
      "email_confirmation_key": "",
      "user": 20
    }
  },
  {
    "pk": 20,
    "model": "userena.userenasignup",
    "fields": {
      "email_unconfirmed": "",
      "activation_key": "415e9f97c80967e676dd6ebf37f26a8ec988d995",
      "last_active": null,
      "email_confirmation_key_created": null,
      "activation_notification_send": false,
      "email_confirmation_key": "",
      "user": 21
    }
  },
  {
    "pk": 21,
    "model": "userena.userenasignup",
    "fields": {
      "email_unconfirmed": "",
      "activation_key": "d89d0c54cf97d802a2b7a08e9d46272711203f34",
      "last_active": null,
      "email_confirmation_key_created": null,
      "activation_notification_send": false,
      "email_confirmation_key": "",
      "user": 22
    }
  },
  {
    "pk": 22,
    "model": "userena.userenasignup",
    "fields": {
      "email_unconfirmed": "",
      "activation_key": "4887196037f71d4a7ee053d9bc3100ba0f0743a0",
      "last_active": null,
      "email_confirmation_key_created": null,
      "activation_notification_send": false,
      "email_confirmation_key": "",
      "user": 23
    }
  },
  {
    "pk": 23,
    "model": "userena.userenasignup",
    "fields": {
      "email_unconfirmed": "",
      "activation_key": "cdaee6d669bfec5d301e0f49c4387bb058a415d7",
      "last_active": null,
      "email_confirmation_key_created": null,
      "activation_notification_send": false,
      "email_confirmation_key": "",
      "user": 24
    }
  },
  {
    "pk": 24,
    "model": "userena.userenasignup",
    "fields": {
      "email_unconfirmed": "",
      "activation_key": "88557597f9bb3ed2252bd4b8fa67975f7b4812d6",
      "last_active": null,
      "email_confirmation_key_created": null,
      "activation_notification_send": false,
      "email_confirmation_key": "",
      "user": 25
    }
  },
  {
    "pk": 25,
    "model": "userena.userenasignup",
    "fields": {
      "email_unconfirmed": "",
      "activation_key": "a76773f4a562e4182550e140b02cc75245106ddb",
      "last_active": null,
      "email_confirmation_key_created": null,
      "activation_notification_send": false,
      "email_confirmation_key": "",
      "user": 26
    }
  },
  {
    "pk": 26,
    "model": "userena.userenasignup",
    "fields": {
      "email_unconfirmed": "",
      "activation_key": "b4ff68ed3c2e9f4da6b0e78dee7f7dd7703c3ce7",
      "last_active": null,
      "email_confirmation_key_created": null,
      "activation_notification_send": false,
      "email_confirmation_key": "",
      "user": 27
    }
  },
  {
    "pk": 27,
    "model": "userena.userenasignup",
    "fields": {
      "email_unconfirmed": "",
      "activation_key": "aedcb885036ac22d6155621ea22cec195d150cb9",
      "last_active": null,
      "email_confirmation_key_created": null,
      "activation_notification_send": false,
      "email_confirmation_key": "",
      "user": 28
    }
  },
  {
    "pk": 28,
    "model": "userena.userenasignup",
    "fields": {
      "email_unconfirmed": "",
      "activation_key": "8559a74e258eb437a8e07f60174182244dc8af6d",
      "last_active": null,
      "email_confirmation_key_created": null,
      "activation_notification_send": false,
      "email_confirmation_key": "",
      "user": 29
    }
  },
  {
    "pk": 7,
    "model": "wakeup.conferences",
    "fields": {
      "caller2done": true,
      "caller1": 2,
      "caller2": 3,
      "caller1done": false
    }
  },
  {
    "pk": 9,
    "model": "wakeup.conferences",
    "fields": {
      "caller2done": false,
      "caller1": 6,
      "caller2": 7,
      "caller1done": true
    }
  },
  {
    "pk": 10,
    "model": "wakeup.conferences",
    "fields": {
      "caller2done": false,
      "caller1": 8,
      "caller2": 9,
      "caller1done": true
    }
  },
  {
    "pk": 11,
    "model": "wakeup.conferences",
    "fields": {
      "caller2done": false,
      "caller1": 10,
      "caller2": 11,
      "caller1done": false
    }
  },
  {
    "pk": 12,
    "model": "wakeup.conferences",
    "fields": {
      "caller2done": false,
      "caller1": 12,
      "caller2": 13,
      "caller1done": false
    }
  },
  {
    "pk": 13,
    "model": "wakeup.conferences",
    "fields": {
      "caller2done": false,
      "caller1": 14,
      "caller2": 15,
      "caller1done": false
    }
  },
  {
    "pk": 14,
    "model": "wakeup.conferences",
    "fields": {
      "caller2done": true,
      "caller1": 16,
      "caller2": 17,
      "caller1done": false
    }
  },
  {
    "pk": 15,
    "model": "wakeup.conferences",
    "fields": {
      "caller2done": true,
      "caller1": 18,
      "caller2": 19,
      "caller1done": false
    }
  },
  {
    "pk": 16,
    "model": "wakeup.conferences",
    "fields": {
      "caller2done": false,
      "caller1": 20,
      "caller2": 21,
      "caller1done": false
    }
  },
  {
    "pk": 17,
    "model": "wakeup.conferences",
    "fields": {
      "caller2done": true,
      "caller1": 22,
      "caller2": 23,
      "caller1done": false
    }
  },
  {
    "pk": 18,
    "model": "wakeup.conferences",
    "fields": {
      "caller2done": false,
      "caller1": 24,
      "caller2": 25,
      "caller1done": false
    }
  },
  {
    "pk": 19,
    "model": "wakeup.conferences",
    "fields": {
      "caller2done": false,
      "caller1": 26,
      "caller2": 27,
      "caller1done": false
    }
  },
  {
    "pk": 20,
    "model": "wakeup.conferences",
    "fields": {
      "caller2done": true,
      "caller1": 28,
      "caller2": 29,
      "caller1done": false
    }
  },
  {
    "pk": 1,
    "model": "guardian.userobjectpermission",
    "fields": {
      "object_pk": "1",
      "user": 2,
      "content_type": 11,
      "permission": 34
    }
  },
  {
    "pk": 2,
    "model": "guardian.userobjectpermission",
    "fields": {
      "object_pk": "1",
      "user": 2,
      "content_type": 11,
      "permission": 44
    }
  },
  {
    "pk": 3,
    "model": "guardian.userobjectpermission",
    "fields": {
      "object_pk": "1",
      "user": 2,
      "content_type": 11,
      "permission": 45
    }
  },
  {
    "pk": 4,
    "model": "guardian.userobjectpermission",
    "fields": {
      "object_pk": "2",
      "user": 2,
      "content_type": 3,
      "permission": 8
    }
  },
  {
    "pk": 5,
    "model": "guardian.userobjectpermission",
    "fields": {
      "object_pk": "2",
      "user": 2,
      "content_type": 3,
      "permission": 9
    }
  },
  {
    "pk": 6,
    "model": "guardian.userobjectpermission",
    "fields": {
      "object_pk": "3",
      "user": 3,
      "content_type": 11,
      "permission": 34
    }
  },
  {
    "pk": 7,
    "model": "guardian.userobjectpermission",
    "fields": {
      "object_pk": "3",
      "user": 3,
      "content_type": 11,
      "permission": 44
    }
  },
  {
    "pk": 9,
    "model": "guardian.userobjectpermission",
    "fields": {
      "object_pk": "3",
      "user": 3,
      "content_type": 3,
      "permission": 8
    }
  },
  {
    "pk": 10,
    "model": "guardian.userobjectpermission",
    "fields": {
      "object_pk": "3",
      "user": 3,
      "content_type": 3,
      "permission": 9
    }
  },
  {
    "pk": 11,
    "model": "guardian.userobjectpermission",
    "fields": {
      "object_pk": "4",
      "user": 4,
      "content_type": 11,
      "permission": 34
    }
  },
  {
    "pk": 12,
    "model": "guardian.userobjectpermission",
    "fields": {
      "object_pk": "4",
      "user": 4,
      "content_type": 11,
      "permission": 44
    }
  },
  {
    "pk": 13,
    "model": "guardian.userobjectpermission",
    "fields": {
      "object_pk": "4",
      "user": 4,
      "content_type": 11,
      "permission": 45
    }
  },
  {
    "pk": 14,
    "model": "guardian.userobjectpermission",
    "fields": {
      "object_pk": "4",
      "user": 4,
      "content_type": 3,
      "permission": 8
    }
  },
  {
    "pk": 15,
    "model": "guardian.userobjectpermission",
    "fields": {
      "object_pk": "4",
      "user": 4,
      "content_type": 3,
      "permission": 9
    }
  },
  {
    "pk": 16,
    "model": "guardian.userobjectpermission",
    "fields": {
      "object_pk": "5",
      "user": 5,
      "content_type": 11,
      "permission": 34
    }
  },
  {
    "pk": 17,
    "model": "guardian.userobjectpermission",
    "fields": {
      "object_pk": "5",
      "user": 5,
      "content_type": 11,
      "permission": 44
    }
  },
  {
    "pk": 18,
    "model": "guardian.userobjectpermission",
    "fields": {
      "object_pk": "5",
      "user": 5,
      "content_type": 11,
      "permission": 45
    }
  },
  {
    "pk": 19,
    "model": "guardian.userobjectpermission",
    "fields": {
      "object_pk": "5",
      "user": 5,
      "content_type": 3,
      "permission": 8
    }
  },
  {
    "pk": 20,
    "model": "guardian.userobjectpermission",
    "fields": {
      "object_pk": "5",
      "user": 5,
      "content_type": 3,
      "permission": 9
    }
  },
  {
    "pk": 21,
    "model": "guardian.userobjectpermission",
    "fields": {
      "object_pk": "6",
      "user": 6,
      "content_type": 11,
      "permission": 34
    }
  },
  {
    "pk": 22,
    "model": "guardian.userobjectpermission",
    "fields": {
      "object_pk": "6",
      "user": 6,
      "content_type": 11,
      "permission": 44
    }
  },
  {
    "pk": 23,
    "model": "guardian.userobjectpermission",
    "fields": {
      "object_pk": "6",
      "user": 6,
      "content_type": 11,
      "permission": 45
    }
  },
  {
    "pk": 24,
    "model": "guardian.userobjectpermission",
    "fields": {
      "object_pk": "6",
      "user": 6,
      "content_type": 3,
      "permission": 8
    }
  },
  {
    "pk": 25,
    "model": "guardian.userobjectpermission",
    "fields": {
      "object_pk": "6",
      "user": 6,
      "content_type": 3,
      "permission": 9
    }
  },
  {
    "pk": 26,
    "model": "guardian.userobjectpermission",
    "fields": {
      "object_pk": "7",
      "user": 7,
      "content_type": 11,
      "permission": 34
    }
  },
  {
    "pk": 27,
    "model": "guardian.userobjectpermission",
    "fields": {
      "object_pk": "7",
      "user": 7,
      "content_type": 11,
      "permission": 44
    }
  },
  {
    "pk": 28,
    "model": "guardian.userobjectpermission",
    "fields": {
      "object_pk": "7",
      "user": 7,
      "content_type": 11,
      "permission": 45
    }
  },
  {
    "pk": 29,
    "model": "guardian.userobjectpermission",
    "fields": {
      "object_pk": "7",
      "user": 7,
      "content_type": 3,
      "permission": 8
    }
  },
  {
    "pk": 30,
    "model": "guardian.userobjectpermission",
    "fields": {
      "object_pk": "7",
      "user": 7,
      "content_type": 3,
      "permission": 9
    }
  },
  {
    "pk": 31,
    "model": "guardian.userobjectpermission",
    "fields": {
      "object_pk": "8",
      "user": 8,
      "content_type": 11,
      "permission": 34
    }
  },
  {
    "pk": 32,
    "model": "guardian.userobjectpermission",
    "fields": {
      "object_pk": "8",
      "user": 8,
      "content_type": 11,
      "permission": 44
    }
  },
  {
    "pk": 33,
    "model": "guardian.userobjectpermission",
    "fields": {
      "object_pk": "8",
      "user": 8,
      "content_type": 11,
      "permission": 45
    }
  },
  {
    "pk": 34,
    "model": "guardian.userobjectpermission",
    "fields": {
      "object_pk": "8",
      "user": 8,
      "content_type": 3,
      "permission": 8
    }
  },
  {
    "pk": 35,
    "model": "guardian.userobjectpermission",
    "fields": {
      "object_pk": "8",
      "user": 8,
      "content_type": 3,
      "permission": 9
    }
  },
  {
    "pk": 36,
    "model": "guardian.userobjectpermission",
    "fields": {
      "object_pk": "9",
      "user": 9,
      "content_type": 11,
      "permission": 34
    }
  },
  {
    "pk": 37,
    "model": "guardian.userobjectpermission",
    "fields": {
      "object_pk": "9",
      "user": 9,
      "content_type": 11,
      "permission": 44
    }
  },
  {
    "pk": 38,
    "model": "guardian.userobjectpermission",
    "fields": {
      "object_pk": "9",
      "user": 9,
      "content_type": 11,
      "permission": 45
    }
  },
  {
    "pk": 39,
    "model": "guardian.userobjectpermission",
    "fields": {
      "object_pk": "9",
      "user": 9,
      "content_type": 3,
      "permission": 8
    }
  },
  {
    "pk": 40,
    "model": "guardian.userobjectpermission",
    "fields": {
      "object_pk": "9",
      "user": 9,
      "content_type": 3,
      "permission": 9
    }
  },
  {
    "pk": 41,
    "model": "guardian.userobjectpermission",
    "fields": {
      "object_pk": "10",
      "user": 10,
      "content_type": 11,
      "permission": 34
    }
  },
  {
    "pk": 42,
    "model": "guardian.userobjectpermission",
    "fields": {
      "object_pk": "10",
      "user": 10,
      "content_type": 11,
      "permission": 44
    }
  },
  {
    "pk": 43,
    "model": "guardian.userobjectpermission",
    "fields": {
      "object_pk": "10",
      "user": 10,
      "content_type": 11,
      "permission": 45
    }
  },
  {
    "pk": 44,
    "model": "guardian.userobjectpermission",
    "fields": {
      "object_pk": "10",
      "user": 10,
      "content_type": 3,
      "permission": 8
    }
  },
  {
    "pk": 45,
    "model": "guardian.userobjectpermission",
    "fields": {
      "object_pk": "10",
      "user": 10,
      "content_type": 3,
      "permission": 9
    }
  },
  {
    "pk": 46,
    "model": "guardian.userobjectpermission",
    "fields": {
      "object_pk": "11",
      "user": 11,
      "content_type": 11,
      "permission": 34
    }
  },
  {
    "pk": 47,
    "model": "guardian.userobjectpermission",
    "fields": {
      "object_pk": "11",
      "user": 11,
      "content_type": 11,
      "permission": 44
    }
  },
  {
    "pk": 48,
    "model": "guardian.userobjectpermission",
    "fields": {
      "object_pk": "11",
      "user": 11,
      "content_type": 11,
      "permission": 45
    }
  },
  {
    "pk": 49,
    "model": "guardian.userobjectpermission",
    "fields": {
      "object_pk": "11",
      "user": 11,
      "content_type": 3,
      "permission": 8
    }
  },
  {
    "pk": 50,
    "model": "guardian.userobjectpermission",
    "fields": {
      "object_pk": "11",
      "user": 11,
      "content_type": 3,
      "permission": 9
    }
  },
  {
    "pk": 51,
    "model": "guardian.userobjectpermission",
    "fields": {
      "object_pk": "12",
      "user": 12,
      "content_type": 11,
      "permission": 34
    }
  },
  {
    "pk": 52,
    "model": "guardian.userobjectpermission",
    "fields": {
      "object_pk": "12",
      "user": 12,
      "content_type": 11,
      "permission": 44
    }
  },
  {
    "pk": 53,
    "model": "guardian.userobjectpermission",
    "fields": {
      "object_pk": "12",
      "user": 12,
      "content_type": 11,
      "permission": 45
    }
  },
  {
    "pk": 54,
    "model": "guardian.userobjectpermission",
    "fields": {
      "object_pk": "12",
      "user": 12,
      "content_type": 3,
      "permission": 8
    }
  },
  {
    "pk": 55,
    "model": "guardian.userobjectpermission",
    "fields": {
      "object_pk": "12",
      "user": 12,
      "content_type": 3,
      "permission": 9
    }
  },
  {
    "pk": 56,
    "model": "guardian.userobjectpermission",
    "fields": {
      "object_pk": "13",
      "user": 13,
      "content_type": 11,
      "permission": 34
    }
  },
  {
    "pk": 57,
    "model": "guardian.userobjectpermission",
    "fields": {
      "object_pk": "13",
      "user": 13,
      "content_type": 11,
      "permission": 44
    }
  },
  {
    "pk": 58,
    "model": "guardian.userobjectpermission",
    "fields": {
      "object_pk": "13",
      "user": 13,
      "content_type": 11,
      "permission": 45
    }
  },
  {
    "pk": 59,
    "model": "guardian.userobjectpermission",
    "fields": {
      "object_pk": "13",
      "user": 13,
      "content_type": 3,
      "permission": 8
    }
  },
  {
    "pk": 60,
    "model": "guardian.userobjectpermission",
    "fields": {
      "object_pk": "13",
      "user": 13,
      "content_type": 3,
      "permission": 9
    }
  },
  {
    "pk": 61,
    "model": "guardian.userobjectpermission",
    "fields": {
      "object_pk": "14",
      "user": 14,
      "content_type": 11,
      "permission": 34
    }
  },
  {
    "pk": 62,
    "model": "guardian.userobjectpermission",
    "fields": {
      "object_pk": "14",
      "user": 14,
      "content_type": 11,
      "permission": 44
    }
  },
  {
    "pk": 63,
    "model": "guardian.userobjectpermission",
    "fields": {
      "object_pk": "14",
      "user": 14,
      "content_type": 11,
      "permission": 45
    }
  },
  {
    "pk": 64,
    "model": "guardian.userobjectpermission",
    "fields": {
      "object_pk": "14",
      "user": 14,
      "content_type": 3,
      "permission": 8
    }
  },
  {
    "pk": 65,
    "model": "guardian.userobjectpermission",
    "fields": {
      "object_pk": "14",
      "user": 14,
      "content_type": 3,
      "permission": 9
    }
  },
  {
    "pk": 66,
    "model": "guardian.userobjectpermission",
    "fields": {
      "object_pk": "15",
      "user": 15,
      "content_type": 11,
      "permission": 34
    }
  },
  {
    "pk": 67,
    "model": "guardian.userobjectpermission",
    "fields": {
      "object_pk": "15",
      "user": 15,
      "content_type": 11,
      "permission": 44
    }
  },
  {
    "pk": 68,
    "model": "guardian.userobjectpermission",
    "fields": {
      "object_pk": "15",
      "user": 15,
      "content_type": 11,
      "permission": 45
    }
  },
  {
    "pk": 69,
    "model": "guardian.userobjectpermission",
    "fields": {
      "object_pk": "15",
      "user": 15,
      "content_type": 3,
      "permission": 8
    }
  },
  {
    "pk": 70,
    "model": "guardian.userobjectpermission",
    "fields": {
      "object_pk": "15",
      "user": 15,
      "content_type": 3,
      "permission": 9
    }
  },
  {
    "pk": 71,
    "model": "guardian.userobjectpermission",
    "fields": {
      "object_pk": "16",
      "user": 16,
      "content_type": 11,
      "permission": 34
    }
  },
  {
    "pk": 72,
    "model": "guardian.userobjectpermission",
    "fields": {
      "object_pk": "16",
      "user": 16,
      "content_type": 11,
      "permission": 44
    }
  },
  {
    "pk": 73,
    "model": "guardian.userobjectpermission",
    "fields": {
      "object_pk": "16",
      "user": 16,
      "content_type": 11,
      "permission": 45
    }
  },
  {
    "pk": 74,
    "model": "guardian.userobjectpermission",
    "fields": {
      "object_pk": "16",
      "user": 16,
      "content_type": 3,
      "permission": 8
    }
  },
  {
    "pk": 75,
    "model": "guardian.userobjectpermission",
    "fields": {
      "object_pk": "16",
      "user": 16,
      "content_type": 3,
      "permission": 9
    }
  },
  {
    "pk": 76,
    "model": "guardian.userobjectpermission",
    "fields": {
      "object_pk": "17",
      "user": 17,
      "content_type": 11,
      "permission": 34
    }
  },
  {
    "pk": 77,
    "model": "guardian.userobjectpermission",
    "fields": {
      "object_pk": "17",
      "user": 17,
      "content_type": 11,
      "permission": 44
    }
  },
  {
    "pk": 78,
    "model": "guardian.userobjectpermission",
    "fields": {
      "object_pk": "17",
      "user": 17,
      "content_type": 11,
      "permission": 45
    }
  },
  {
    "pk": 79,
    "model": "guardian.userobjectpermission",
    "fields": {
      "object_pk": "17",
      "user": 17,
      "content_type": 3,
      "permission": 8
    }
  },
  {
    "pk": 80,
    "model": "guardian.userobjectpermission",
    "fields": {
      "object_pk": "17",
      "user": 17,
      "content_type": 3,
      "permission": 9
    }
  },
  {
    "pk": 81,
    "model": "guardian.userobjectpermission",
    "fields": {
      "object_pk": "18",
      "user": 18,
      "content_type": 11,
      "permission": 34
    }
  },
  {
    "pk": 82,
    "model": "guardian.userobjectpermission",
    "fields": {
      "object_pk": "18",
      "user": 18,
      "content_type": 11,
      "permission": 44
    }
  },
  {
    "pk": 83,
    "model": "guardian.userobjectpermission",
    "fields": {
      "object_pk": "18",
      "user": 18,
      "content_type": 11,
      "permission": 45
    }
  },
  {
    "pk": 84,
    "model": "guardian.userobjectpermission",
    "fields": {
      "object_pk": "18",
      "user": 18,
      "content_type": 3,
      "permission": 8
    }
  },
  {
    "pk": 85,
    "model": "guardian.userobjectpermission",
    "fields": {
      "object_pk": "18",
      "user": 18,
      "content_type": 3,
      "permission": 9
    }
  },
  {
    "pk": 86,
    "model": "guardian.userobjectpermission",
    "fields": {
      "object_pk": "19",
      "user": 19,
      "content_type": 11,
      "permission": 34
    }
  },
  {
    "pk": 87,
    "model": "guardian.userobjectpermission",
    "fields": {
      "object_pk": "19",
      "user": 19,
      "content_type": 11,
      "permission": 44
    }
  },
  {
    "pk": 88,
    "model": "guardian.userobjectpermission",
    "fields": {
      "object_pk": "19",
      "user": 19,
      "content_type": 11,
      "permission": 45
    }
  },
  {
    "pk": 89,
    "model": "guardian.userobjectpermission",
    "fields": {
      "object_pk": "19",
      "user": 19,
      "content_type": 3,
      "permission": 8
    }
  },
  {
    "pk": 90,
    "model": "guardian.userobjectpermission",
    "fields": {
      "object_pk": "19",
      "user": 19,
      "content_type": 3,
      "permission": 9
    }
  },
  {
    "pk": 91,
    "model": "guardian.userobjectpermission",
    "fields": {
      "object_pk": "20",
      "user": 20,
      "content_type": 11,
      "permission": 34
    }
  },
  {
    "pk": 92,
    "model": "guardian.userobjectpermission",
    "fields": {
      "object_pk": "20",
      "user": 20,
      "content_type": 11,
      "permission": 44
    }
  },
  {
    "pk": 93,
    "model": "guardian.userobjectpermission",
    "fields": {
      "object_pk": "20",
      "user": 20,
      "content_type": 11,
      "permission": 45
    }
  },
  {
    "pk": 94,
    "model": "guardian.userobjectpermission",
    "fields": {
      "object_pk": "20",
      "user": 20,
      "content_type": 3,
      "permission": 8
    }
  },
  {
    "pk": 95,
    "model": "guardian.userobjectpermission",
    "fields": {
      "object_pk": "20",
      "user": 20,
      "content_type": 3,
      "permission": 9
    }
  },
  {
    "pk": 96,
    "model": "guardian.userobjectpermission",
    "fields": {
      "object_pk": "21",
      "user": 21,
      "content_type": 11,
      "permission": 34
    }
  },
  {
    "pk": 97,
    "model": "guardian.userobjectpermission",
    "fields": {
      "object_pk": "21",
      "user": 21,
      "content_type": 11,
      "permission": 44
    }
  },
  {
    "pk": 98,
    "model": "guardian.userobjectpermission",
    "fields": {
      "object_pk": "21",
      "user": 21,
      "content_type": 11,
      "permission": 45
    }
  },
  {
    "pk": 99,
    "model": "guardian.userobjectpermission",
    "fields": {
      "object_pk": "21",
      "user": 21,
      "content_type": 3,
      "permission": 8
    }
  },
  {
    "pk": 100,
    "model": "guardian.userobjectpermission",
    "fields": {
      "object_pk": "21",
      "user": 21,
      "content_type": 3,
      "permission": 9
    }
  },
  {
    "pk": 101,
    "model": "guardian.userobjectpermission",
    "fields": {
      "object_pk": "22",
      "user": 22,
      "content_type": 11,
      "permission": 34
    }
  },
  {
    "pk": 102,
    "model": "guardian.userobjectpermission",
    "fields": {
      "object_pk": "22",
      "user": 22,
      "content_type": 11,
      "permission": 44
    }
  },
  {
    "pk": 103,
    "model": "guardian.userobjectpermission",
    "fields": {
      "object_pk": "22",
      "user": 22,
      "content_type": 11,
      "permission": 45
    }
  },
  {
    "pk": 104,
    "model": "guardian.userobjectpermission",
    "fields": {
      "object_pk": "22",
      "user": 22,
      "content_type": 3,
      "permission": 8
    }
  },
  {
    "pk": 105,
    "model": "guardian.userobjectpermission",
    "fields": {
      "object_pk": "22",
      "user": 22,
      "content_type": 3,
      "permission": 9
    }
  },
  {
    "pk": 106,
    "model": "guardian.userobjectpermission",
    "fields": {
      "object_pk": "23",
      "user": 23,
      "content_type": 11,
      "permission": 34
    }
  },
  {
    "pk": 107,
    "model": "guardian.userobjectpermission",
    "fields": {
      "object_pk": "23",
      "user": 23,
      "content_type": 11,
      "permission": 44
    }
  },
  {
    "pk": 108,
    "model": "guardian.userobjectpermission",
    "fields": {
      "object_pk": "23",
      "user": 23,
      "content_type": 11,
      "permission": 45
    }
  },
  {
    "pk": 109,
    "model": "guardian.userobjectpermission",
    "fields": {
      "object_pk": "23",
      "user": 23,
      "content_type": 3,
      "permission": 8
    }
  },
  {
    "pk": 110,
    "model": "guardian.userobjectpermission",
    "fields": {
      "object_pk": "23",
      "user": 23,
      "content_type": 3,
      "permission": 9
    }
  },
  {
    "pk": 111,
    "model": "guardian.userobjectpermission",
    "fields": {
      "object_pk": "24",
      "user": 24,
      "content_type": 11,
      "permission": 34
    }
  },
  {
    "pk": 112,
    "model": "guardian.userobjectpermission",
    "fields": {
      "object_pk": "24",
      "user": 24,
      "content_type": 11,
      "permission": 44
    }
  },
  {
    "pk": 113,
    "model": "guardian.userobjectpermission",
    "fields": {
      "object_pk": "24",
      "user": 24,
      "content_type": 11,
      "permission": 45
    }
  },
  {
    "pk": 114,
    "model": "guardian.userobjectpermission",
    "fields": {
      "object_pk": "24",
      "user": 24,
      "content_type": 3,
      "permission": 8
    }
  },
  {
    "pk": 115,
    "model": "guardian.userobjectpermission",
    "fields": {
      "object_pk": "24",
      "user": 24,
      "content_type": 3,
      "permission": 9
    }
  },
  {
    "pk": 116,
    "model": "guardian.userobjectpermission",
    "fields": {
      "object_pk": "25",
      "user": 25,
      "content_type": 11,
      "permission": 34
    }
  },
  {
    "pk": 117,
    "model": "guardian.userobjectpermission",
    "fields": {
      "object_pk": "25",
      "user": 25,
      "content_type": 11,
      "permission": 44
    }
  },
  {
    "pk": 118,
    "model": "guardian.userobjectpermission",
    "fields": {
      "object_pk": "25",
      "user": 25,
      "content_type": 11,
      "permission": 45
    }
  },
  {
    "pk": 119,
    "model": "guardian.userobjectpermission",
    "fields": {
      "object_pk": "25",
      "user": 25,
      "content_type": 3,
      "permission": 8
    }
  },
  {
    "pk": 120,
    "model": "guardian.userobjectpermission",
    "fields": {
      "object_pk": "25",
      "user": 25,
      "content_type": 3,
      "permission": 9
    }
  },
  {
    "pk": 121,
    "model": "guardian.userobjectpermission",
    "fields": {
      "object_pk": "26",
      "user": 26,
      "content_type": 11,
      "permission": 34
    }
  },
  {
    "pk": 122,
    "model": "guardian.userobjectpermission",
    "fields": {
      "object_pk": "26",
      "user": 26,
      "content_type": 11,
      "permission": 44
    }
  },
  {
    "pk": 123,
    "model": "guardian.userobjectpermission",
    "fields": {
      "object_pk": "26",
      "user": 26,
      "content_type": 11,
      "permission": 45
    }
  },
  {
    "pk": 124,
    "model": "guardian.userobjectpermission",
    "fields": {
      "object_pk": "26",
      "user": 26,
      "content_type": 3,
      "permission": 8
    }
  },
  {
    "pk": 125,
    "model": "guardian.userobjectpermission",
    "fields": {
      "object_pk": "26",
      "user": 26,
      "content_type": 3,
      "permission": 9
    }
  },
  {
    "pk": 126,
    "model": "guardian.userobjectpermission",
    "fields": {
      "object_pk": "27",
      "user": 27,
      "content_type": 11,
      "permission": 34
    }
  },
  {
    "pk": 127,
    "model": "guardian.userobjectpermission",
    "fields": {
      "object_pk": "27",
      "user": 27,
      "content_type": 11,
      "permission": 44
    }
  },
  {
    "pk": 128,
    "model": "guardian.userobjectpermission",
    "fields": {
      "object_pk": "27",
      "user": 27,
      "content_type": 11,
      "permission": 45
    }
  },
  {
    "pk": 129,
    "model": "guardian.userobjectpermission",
    "fields": {
      "object_pk": "27",
      "user": 27,
      "content_type": 3,
      "permission": 8
    }
  },
  {
    "pk": 130,
    "model": "guardian.userobjectpermission",
    "fields": {
      "object_pk": "27",
      "user": 27,
      "content_type": 3,
      "permission": 9
    }
  },
  {
    "pk": 131,
    "model": "guardian.userobjectpermission",
    "fields": {
      "object_pk": "28",
      "user": 28,
      "content_type": 11,
      "permission": 34
    }
  },
  {
    "pk": 132,
    "model": "guardian.userobjectpermission",
    "fields": {
      "object_pk": "28",
      "user": 28,
      "content_type": 11,
      "permission": 44
    }
  },
  {
    "pk": 133,
    "model": "guardian.userobjectpermission",
    "fields": {
      "object_pk": "28",
      "user": 28,
      "content_type": 11,
      "permission": 45
    }
  },
  {
    "pk": 134,
    "model": "guardian.userobjectpermission",
    "fields": {
      "object_pk": "28",
      "user": 28,
      "content_type": 3,
      "permission": 8
    }
  },
  {
    "pk": 135,
    "model": "guardian.userobjectpermission",
    "fields": {
      "object_pk": "28",
      "user": 28,
      "content_type": 3,
      "permission": 9
    }
  },
  {
    "pk": 136,
    "model": "guardian.userobjectpermission",
    "fields": {
      "object_pk": "29",
      "user": 29,
      "content_type": 11,
      "permission": 34
    }
  },
  {
    "pk": 137,
    "model": "guardian.userobjectpermission",
    "fields": {
      "object_pk": "29",
      "user": 29,
      "content_type": 11,
      "permission": 44
    }
  },
  {
    "pk": 138,
    "model": "guardian.userobjectpermission",
    "fields": {
      "object_pk": "29",
      "user": 29,
      "content_type": 11,
      "permission": 45
    }
  },
  {
    "pk": 139,
    "model": "guardian.userobjectpermission",
    "fields": {
      "object_pk": "29",
      "user": 29,
      "content_type": 3,
      "permission": 8
    }
  },
  {
    "pk": 140,
    "model": "guardian.userobjectpermission",
    "fields": {
      "object_pk": "29",
      "user": 29,
      "content_type": 3,
      "permission": 9
    }
  }
]